{"episodeStats":{"won":true,"actionCounts":{"DIRECT_FLIGHT":12,"DRIVE_FERRY":7,"DO_NOTHING":5,"DISCOVER_CURE":1}},"episodeResults":{"steps":[{"state":{"currentPlayer":0,"currentMovesLeft":4,"curedDiseases":[],"playerPosition":{"0":3,"1":3},"researchCenters":[3],"playerCards":{"0":[0,6,33,43],"1":[17,30,36,47]},"playedPlayerCards":[],"insufficientPlayerCards":false},"pValues":[0.13375,0.1225,0.1275,0.12125,0.13,0.1175,0.12875,0.11875],"action":{"type":"DIRECT_FLIGHT","player":0,"from":3,"to":33,"card":33}},{"state":{"currentPlayer":0,"currentMovesLeft":3,"curedDiseases":[],"playerPosition":{"0":33,"1":3},"researchCenters":[3],"playerCards":{"0":[0,6,43],"1":[17,30,36,47]},"playedPlayerCards":[33],"insufficientPlayerCards":false},"pValues":[0.13067552602436322,0.13732004429678848,0.12181616832779624,0.12403100775193798,0.12513842746400886,0.13178294573643412,0.11960132890365449,0.10963455149501661],"action":{"type":"DRIVE_FERRY","player":0,"from":33,"to":0}},{"state":{"currentPlayer":0,"currentMovesLeft":2,"curedDiseases":[],"playerPosition":{"0":0,"1":3},"researchCenters":[3],"playerCards":{"0":[0,6,43],"1":[17,30,36,47]},"playedPlayerCards":[33],"insufficientPlayerCards":false},"pValues":[0.0183982683982684,0.01948051948051948,0.017316017316017316,0.017316017316017316,0.017316017316017316,0.017316017316017316,0.017316017316017316,0.016233766233766232,0.01948051948051948,0.017316017316017316,0.017316017316017316,0.017316017316017316,0.0183982683982684,0.01948051948051948,0.017316017316017316,0.017316017316017316,0.017316017316017316,0.0183982683982684,0.0183982683982684,0.0183982683982684,0.0183982683982684,0.017316017316017316,0.016233766233766232,0.016233766233766232,0.017316017316017316,0.0183982683982684,0.017316017316017316,0.017316017316017316,0.017316017316017316,0.0183982683982684,0.0183982683982684,0.017316017316017316,0.017316017316017316,0.01948051948051948,0.01948051948051948,0.0183982683982684,0.01948051948051948,0.017316017316017316,0.0183982683982684,0.017316017316017316,0.017316017316017316,0.01948051948051948,0.01948051948051948,0.01948051948051948,0.017316017316017316,0.0183982683982684,0.017316017316017316,0.0183982683982684,0.017316017316017316,0.0183982683982684,0.0183982683982684,0.017316017316017316,0.017316017316017316,0.016233766233766232,0.017316017316017316,0.016233766233766232],"action":{"type":"DRIVE_FERRY","player":0,"from":0,"to":27}},{"state":{"currentPlayer":0,"currentMovesLeft":1,"curedDiseases":[],"playerPosition":{"0":27,"1":3},"researchCenters":[3],"playerCards":{"0":[0,6,43],"1":[17,30,36,47]},"playedPlayerCards":[33],"insufficientPlayerCards":false},"pValues":[0.15931372549019607,0.1053921568627451,0.11642156862745098,0.09436274509803921,0.12377450980392157,0.10049019607843138,0.11887254901960784,0.10049019607843138,0.08088235294117647],"action":{"type":"DRIVE_FERRY","player":0,"from":27,"to":28}},{"state":{"currentPlayer":1,"currentMovesLeft":4,"curedDiseases":[],"playerPosition":{"0":28,"1":3},"researchCenters":[3],"playerCards":{"0":[0,6,14,23,43],"1":[17,30,36,47]},"playedPlayerCards":[33],"insufficientPlayerCards":false},"pValues":[0.13875,0.13375,0.12125,0.13,0.09125,0.14125,0.1325,0.11125],"action":{"type":"DIRECT_FLIGHT","player":1,"from":3,"to":36,"card":36}},{"state":{"currentPlayer":1,"currentMovesLeft":3,"curedDiseases":[],"playerPosition":{"0":28,"1":36},"researchCenters":[3],"playerCards":{"0":[0,6,14,23,43],"1":[17,30,47]},"playedPlayerCards":[33,36],"insufficientPlayerCards":false},"pValues":[0.11920529801324503,0.12693156732891833,0.1434878587196468,0.1346578366445916,0.13245033112582782,0.09381898454746136,0.1456953642384106,0.10375275938189846],"action":{"type":"DIRECT_FLIGHT","player":1,"from":36,"to":30,"card":30}},{"state":{"currentPlayer":1,"currentMovesLeft":2,"curedDiseases":[],"playerPosition":{"0":28,"1":30},"researchCenters":[3],"playerCards":{"0":[0,6,14,23,43],"1":[17,47]},"playedPlayerCards":[30,33,36],"insufficientPlayerCards":false},"pValues":[0.12244897959183673,0.1439312567132116,0.1439312567132116,0.12567132116004295,0.11815252416756176,0.11815252416756176,0.11600429645542427,0.11170784103114931],"action":{"type":"DO_NOTHING","player":1}},{"state":{"currentPlayer":1,"currentMovesLeft":1,"curedDiseases":[],"playerPosition":{"0":28,"1":30},"researchCenters":[3],"playerCards":{"0":[0,6,14,23,43],"1":[17,47]},"playedPlayerCards":[30,33,36],"insufficientPlayerCards":false},"pValues":[0.16849015317286653,0.13785557986870897,0.14660831509846828,0.12472647702407003,0.1137855579868709,0.10722100656455143,0.10065645514223195,0.10065645514223195],"action":{"type":"DO_NOTHING","player":1}},{"state":{"currentPlayer":0,"currentMovesLeft":4,"curedDiseases":[],"playerPosition":{"0":28,"1":30},"researchCenters":[3],"playerCards":{"0":[0,6,14,23,43],"1":[17,18,26,47]},"playedPlayerCards":[30,33,36],"insufficientPlayerCards":false},"pValues":[0.10611735330836454,0.10861423220973783,0.10486891385767791,0.0898876404494382,0.09987515605493133,0.08614232209737828,0.09363295880149813,0.1285892634207241,0.10112359550561797,0.08114856429463171],"action":{"type":"DIRECT_FLIGHT","player":0,"from":28,"to":14,"card":14}},{"state":{"currentPlayer":0,"currentMovesLeft":3,"curedDiseases":[],"playerPosition":{"0":14,"1":30},"researchCenters":[3],"playerCards":{"0":[0,6,23,43],"1":[17,18,26,47]},"playedPlayerCards":[14,30,33,36],"insufficientPlayerCards":false},"pValues":[0.13510520487264674,0.13067552602436322,0.1273532668881506,0.12403100775193798,0.1184939091915836,0.12403100775193798,0.12956810631229235,0.11074197120708748],"action":{"type":"DIRECT_FLIGHT","player":0,"from":14,"to":23,"card":23}},{"state":{"currentPlayer":0,"currentMovesLeft":2,"curedDiseases":[],"playerPosition":{"0":23,"1":30},"researchCenters":[3],"playerCards":{"0":[0,6,43],"1":[17,18,26,47]},"playedPlayerCards":[14,23,30,33,36],"insufficientPlayerCards":false},"pValues":[0.1341330425299891,0.1341330425299891,0.13522355507088332,0.13304252998909488,0.12104689203925845,0.12431842966194111,0.11559432933478735,0.1025081788440567],"action":{"type":"DO_NOTHING","player":0}},{"state":{"currentPlayer":0,"currentMovesLeft":1,"curedDiseases":[],"playerPosition":{"0":23,"1":30},"researchCenters":[3],"playerCards":{"0":[0,6,43],"1":[17,18,26,47]},"playedPlayerCards":[14,23,30,33,36],"insufficientPlayerCards":false},"pValues":[0.17118093174431204,0.1570964247020585,0.11592632719393282,0.12892741061755147,0.10834236186348863,0.12242686890574214,0.1094257854821235,0.0866738894907909],"action":{"type":"DRIVE_FERRY","player":0,"from":23,"to":24}},{"state":{"currentPlayer":1,"currentMovesLeft":4,"curedDiseases":[],"playerPosition":{"0":24,"1":30},"researchCenters":[3],"playerCards":{"0":[0,1,6,19,43],"1":[17,18,26,47]},"playedPlayerCards":[14,23,30,33,36],"insufficientPlayerCards":false},"pValues":[0.10875,0.11375,0.10375,0.105,0.11,0.09625,0.0875,0.095,0.095,0.085],"action":{"type":"DIRECT_FLIGHT","player":1,"from":30,"to":26,"card":26}},{"state":{"currentPlayer":1,"currentMovesLeft":3,"curedDiseases":[],"playerPosition":{"0":24,"1":26},"researchCenters":[3],"playerCards":{"0":[0,1,6,19,43],"1":[17,18,47]},"playedPlayerCards":[14,23,26,30,33,36],"insufficientPlayerCards":false},"pValues":[0.14840182648401826,0.15753424657534246,0.14726027397260275,0.14840182648401826,0.14726027397260275,0.13356164383561644,0.11757990867579908],"action":{"type":"DIRECT_FLIGHT","player":1,"from":26,"to":47,"card":47}},{"state":{"currentPlayer":1,"currentMovesLeft":2,"curedDiseases":[],"playerPosition":{"0":24,"1":47},"researchCenters":[3],"playerCards":{"0":[0,1,6,19,43],"1":[17,18]},"playedPlayerCards":[14,23,26,30,33,36,47],"insufficientPlayerCards":false},"pValues":[0.16500553709856036,0.15614617940199335,0.17497231450719822,0.15725359911406422,0.17275747508305647,0.17386489479512734],"action":{"type":"DIRECT_FLIGHT","player":1,"from":47,"to":18,"card":18}},{"state":{"currentPlayer":1,"currentMovesLeft":1,"curedDiseases":[],"playerPosition":{"0":24,"1":18},